<?xml version="1.0"?>
<!DOCTYPE project>

<project name="build-common-ivy" xmlns:antelope="antlib:ise.antelope.tasks" xmlns:ivy="antlib:org.apache.ivy.ant">
	<property name="ivy.home" value="${sdk.dir}/.ivy" />

	<basename property="basedir.name" file="${basedir}" />

	<propertyregex
		input="${basedir.name}"
		property="ivy.module.name"
		regexp="(.*)\-(.*)$"
		select="com.liferay.\1"
	/>

	<propertyregex
		input="${ivy.module.name}"
		override="true"
		property="ivy.module.name"
		regexp="\-"
		replace="\."
	/>

	<if>
		<not>
			<available file="${ivy.home}/ivy-${ivy.version}.jar" />
		</not>
		<then>
			<mkdir dir="${ivy.home}" />

			<get
				dest="${ivy.home}"
				src="${ivy.jar.url}"
			/>
		</then>
	</if>

	<path id="ivy.lib.path">
		<fileset
			dir="${ivy.home}"
			includes="ivy-${ivy.version}.jar"
		/>
		<fileset
			dir="${sdk.dir}/lib"
			includes="bcpg-jdk16.jar,bcprov-jdk16.jar"
		/>
	</path>

	<taskdef classpathref="ivy.lib.path" resource="org/apache/ivy/ant/antlib.xml" uri="antlib:org.apache.ivy.ant" />

	<pathconvert property="sdk.dir.unix" targetos="unix">
		<path location="${sdk.dir}" />
	</pathconvert>

	<pathconvert property="sdk.dependencies.dir.unix" targetos="unix">
		<path location="${sdk.dir}/dependencies" />
	</pathconvert>

	<path id="sdk.dependencies.path">
		<dirset dir="${sdk.dir}" includes="dependencies/*" />
	</path>

	<pathconvert pathsep="," property="sdk.dependencies.path" refid="sdk.dependencies.path" targetos="unix" />

	<macrodef name="process-ivy">
		<attribute default="${basedir}" name="module.dir" />

		<sequential>
			<for list="@{module.dir},${sdk.dir},${sdk.dependencies.path}" param="ivy.xml.dir">
				<sequential>
					<if>
						<available file="@{ivy.xml.dir}/ivy.xml" />
						<then>
							<checksum file="@{ivy.xml.dir}/ivy.xml" verifyproperty="ivy.xml.unmodified" />

							<if>
								<isfalse value="${ivy.xml.unmodified}" />
								<then>
									<ivy:settings file="${ivy.custom.settings.file}" />

									<ivy:resolve
										file="@{ivy.xml.dir}/ivy.xml"
										log="download-only"
										transitive="${ivy.resolve.transitive.dependencies}"
									/>

									<if>
										<or>
											<equals arg1="@{ivy.xml.dir}" arg2="${sdk.dir.unix}" />
											<contains string="@{ivy.xml.dir}" substring="${sdk.dependencies.dir.unix}" />
											<antelope:endswith string="${ant.project.name}" with="-shared" />
											<available file="@{ivy.xml.dir}/bnd.bnd" />
										</or>
										<then>
											<ivy:retrieve
												overwriteMode="always"
												pattern="@{ivy.xml.dir}/lib/[artifact].[ext]"
												type="bundle,jar,orbit"
											/>

											<ivy:retrieve
												overwriteMode="always"
												pattern="@{ivy.xml.dir}/lib/[artifact]-[type]s.[ext]"
												type="source"
											/>
										</then>
										<else>
											<ivy:retrieve
												overwriteMode="always"
												pattern="@{ivy.xml.dir}/docroot/WEB-INF/lib/[artifact].[ext]"
												type="bundle,jar,orbit"
											/>

											<ivy:retrieve
												overwriteMode="always"
												pattern="@{ivy.xml.dir}/docroot/WEB-INF/lib/[artifact]-[type]s.[ext]"
												type="source"
											/>
										</else>
									</if>

									<checksum file="@{ivy.xml.dir}/ivy.xml" forceoverwrite="true" />
								</then>
							</if>

							<var name="ivy.xml.unmodified" unset="true" />
						</then>
					</if>
				</sequential>
			</for>
		</sequential>
	</macrodef>

	<process-ivy />

	<target name="publish">
		<ivy:settings file="${sdk.dir}/ivy-settings-publisher.xml" />

		<ivy:resolve
			log="download-only"
			transitive="${ivy.resolve.transitive.dependencies}"
		/>

		<property name="ivy.pom.description" value="${plugin.name}" />
		<property name="ivy.pom.name" value="${plugin.name}" />

		<property name="plugin.release.qualifier" value="" />

		<property name="ivy.pom.version" value="${plugin.full.version}${plugin.release.qualifier}" />

		<ivy:makepom
			conf="default,provided,runtime"
			description="${ivy.pom.description}"
			ivyfile="ivy.xml"
			pomfile="${plugin.pom.file}"
			templatefile="${sdk.dir}/tools/pom_tmpl/template.pom"
		>
			<mapping conf="default" scope="compile" />
			<mapping conf="provided" scope="provided" />
			<mapping conf="runtime" scope="runtime" />
		</ivy:makepom>

		<ivy:publish
			forcedeliver="true"
			overwrite="true"
			publishivy="false"
			pubrevision="${ivy.pom.version}"
			resolver="${ivy.publish.resolver}"
		>
			<artifacts pattern="${sdk.dir}/dist/${plugin.name}-${plugin.full.version}(-[classifier]).[ext]" />
		</ivy:publish>
	</target>
</project>