<?xml version="1.0"?>
<!DOCTYPE project>

<project name="build-common-ivy" xmlns:antelope="antlib:ise.antelope.tasks" xmlns:ivy="antlib:org.apache.ivy.ant">
	<property name="ivy.home" value="${sdk.dir}/.ivy" />

	<basename property="basedir.name" file="${basedir}" />

	<propertyregex
		input="${basedir.name}"
		property="ivy.module.name"
		regexp="(.*)\-(.*)$"
		select="com.liferay.\1"
	/>

	<propertyregex
		input="${ivy.module.name}"
		override="true"
		property="ivy.module.name"
		regexp="\-"
		replace="\."
	/>

	<if>
		<not>
			<available file="${ivy.home}/ivy-${ivy.version}.jar" />
		</not>
		<then>
			<mkdir dir="${ivy.home}" />

			<get
				dest="${ivy.home}/ivy-${ivy.version}.jar"
				src="${ivy.jar.url}"
			/>
		</then>
	</if>

	<path id="ivy.lib.path">
		<fileset
			dir="${ivy.home}"
			includes="ivy-${ivy.version}.jar"
		/>
		<fileset
			dir="${sdk.dir}/lib"
			includes="bcpg-jdk16.jar,bcprov-jdk16.jar"
		/>
	</path>

	<taskdef classpathref="ivy.lib.path" resource="org/apache/ivy/ant/antlib.xml" uri="antlib:org.apache.ivy.ant" />

	<pathconvert property="sdk.dependencies.dir" targetos="unix">
		<path location="${sdk.dir}/dependencies" />
	</pathconvert>

	<path id="sdk.dependencies.path">
		<dirset dir="${sdk.dir}" includes="dependencies/*" />
	</path>

	<pathconvert pathsep="," property="sdk.dependencies.path" refid="sdk.dependencies.path" targetos="unix" />

	<macrodef name="set-build-xml-var">
		<attribute name="bnd.property.key" default="" />
		<attribute name="build.xml.var.name" />
		<attribute name="module.dir" />

		<sequential>
			<if>
				<and>
					<available file="@{module.dir}/bnd.bnd" />
					<not>
						<equals arg1="@{bnd.property.key}" arg2="" />
					</not>
				</and>
				<then>
					<var name="module.bnd.@{bnd.property.key}" unset="true" />

					<loadproperties prefix="module.bnd.">
						<file file="@{module.dir}/bnd.bnd" />
					</loadproperties>

					<propertycopy
						from="module.bnd.@{bnd.property.key}"
						name="module.bnd.property.value"
						override="true"
						silent="true"
					/>

					<if>
						<isset property="module.bnd.property.value" />
						<then>
							<var name="set-build-xml-var.return" value="${module.bnd.property.value}" />
						</then>
						<else>
							<set-build-xml-var-from-build-xml
								build.xml.var.name="@{build.xml.var.name}"
								module.dir="@{module.dir}"
							/>
						</else>
					</if>
				</then>
				<else>
					<set-build-xml-var-from-build-xml
						build.xml.var.name="@{build.xml.var.name}"
						module.dir="@{module.dir}"
					/>
				</else>
			</if>
		</sequential>
	</macrodef>

	<macrodef name="set-build-xml-var-from-build-xml">
		<attribute name="build.xml.var.name" />
		<attribute name="module.dir" />

		<sequential>
			<loadfile property="set-build-xml-var.build.xml.content" srcFile="@{module.dir}/build.xml" />

			<antelope:stringutil string="${set-build-xml-var.build.xml.content}" property="set-build-xml-var.value.beginindex">
				<antelope:indexof string="property name=&quot;@{build.xml.var.name}&quot; value=&quot;" fromindex="0" />
			</antelope:stringutil>

			<if>
				<equals arg1="${set-build-xml-var.value.beginindex}" arg2="-1" />
				<then>
					<var name="set-build-xml-var.return" unset="true" />
				</then>
				<else>
					<antelope:stringutil string="${set-build-xml-var.build.xml.content}" property="set-build-xml-var.value.beginindex">
						<antelope:indexof string="value=&quot;" fromindex="${set-build-xml-var.value.beginindex}" />
					</antelope:stringutil>

					<antelope:math
						datatype="int"
						operand1="${set-build-xml-var.value.beginindex}"
						operand2="7"
						operation="+"
						result="set-build-xml-var.value.beginindex"
					/>

					<antelope:stringutil string="${set-build-xml-var.build.xml.content}" property="set-build-xml-var.value.endindex">
						<antelope:indexof string="&quot;" fromindex="${set-build-xml-var.value.beginindex}" />
					</antelope:stringutil>

					<antelope:stringutil string="${set-build-xml-var.build.xml.content}" property="set-build-xml-var.return">
						<antelope:substring beginindex="${set-build-xml-var.value.beginindex}" endindex="${set-build-xml-var.value.endindex}" />
					</antelope:stringutil>
				</else>
			</if>

			<var name="set-build-xml-var.build.xml.content" unset="true" />
		</sequential>
	</macrodef>

	<macrodef name="set-module-properties">
		<attribute name="module.dir" />

		<sequential>
			<var name="module.dir.unix" unset="true" />

			<pathconvert property="module.dir.unix" targetos="unix">
				<path location="@{module.dir}" />
			</pathconvert>

			<var name="original.lib.name" unset="true" />
			<var name="original.lib.version" unset="true" />
			<var name="original.lib.url" unset="true" />
			<var name="plugin.full.version" unset="true" />
			<var name="plugin.jars" unset="true" />
			<var name="plugin.required.contexts" unset="true" />
			<var name="plugin.tlds" unset="true" />
			<var name="plugin.version" unset="true" />

			<set-build-xml-var
				build.xml.var.name="original.lib.name"
				module.dir="@{module.dir}"
			/>

			<if>
				<isset property="set-build-xml-var.return" />
				<then>
					<var name="original.lib.name" value="${set-build-xml-var.return}" />
				</then>
			</if>

			<set-build-xml-var
				build.xml.var.name="original.lib.version"
				module.dir="@{module.dir}"
			/>

			<if>
				<isset property="set-build-xml-var.return" />
				<then>
					<var name="original.lib.version" value="${set-build-xml-var.return}" />
				</then>
			</if>

			<set-build-xml-var
				build.xml.var.name="original.lib.url"
				module.dir="@{module.dir}"
			/>

			<if>
				<isset property="set-build-xml-var.return" />
				<then>
					<var name="original.lib.url" value="${set-build-xml-var.return}" />
				</then>
			</if>

			<if>
				<available file="@{module.dir}/docroot/WEB-INF/liferay-plugin-package.properties" />
				<then>
					<var name="plugin-package.module-incremental-version" unset="true" />
					<var name="plugin-package.portal-dependency-jars" unset="true" />
					<var name="plugin-package.portal-dependency-tlds" unset="true" />
					<var name="plugin-package.required-deployment-contexts" unset="true" />

					<property file="@{module.dir}/docroot/WEB-INF/liferay-plugin-package.properties" prefix="plugin-package" />

					<if>
						<isset property="plugin-package.module-full-version" />
						<then>
							<var name="plugin.full.version" value="${plugin-package.module-full-version}" />
						</then>
					</if>

					<var name="plugin.jars" value="${plugin-package.portal-dependency-jars}" />
					<var name="plugin.required.contexts" value="${plugin-package.required-deployment-contexts}" />
					<var name="plugin.tlds" value="${plugin-package.portal-dependency-tlds}" />
					<var name="plugin.version" value="${plugin-package.module-incremental-version}" />
				</then>
				<else>
					<set-build-xml-var
						build.xml.var.name="plugin.version"
						module.dir="@{module.dir}"
					/>

					<if>
						<isset property="set-build-xml-var.return" />
						<then>
							<var name="plugin.version" value="${set-build-xml-var.return}" />
						</then>
						<else>
							<var name="plugin.version" value="1" />
						</else>
					</if>

					<set-build-xml-var
						bnd.property.key="Bundle-Version"
						build.xml.var.name="plugin.full.version"
						module.dir="@{module.dir}"
					/>

					<if>
						<isset property="set-build-xml-var.return" />
						<then>
							<var name="plugin.full.version" value="${set-build-xml-var.return}" />
						</then>
					</if>
				</else>
			</if>

			<if>
				<not>
					<isset property="plugin.full.version" />
				</not>
				<then>
					<var name="plugin.full.version" value="${lp.version}.${plugin.version}${lp.version.file.suffix}" />
				</then>
			</if>

			<set-build-xml-var
				bnd.property.key="Bundle-SymbolicName"
				build.xml.var.name="plugin.name"
				module.dir="@{module.dir}"
			/>

			<if>
				<isset property="set-build-xml-var.return" />
				<then>
					<var name="plugin.name" value="${set-build-xml-var.return}" />
				</then>
				<else>
					<if>
						<equals arg1="@{module.dir}" arg2="." />
						<then>
							<var name="plugin.name" value="${ant.project.name}" />
						</then>
						<else>
							<antelope:grep
								group="1"
								in="@{module.dir}"
								property="plugin.name"
								regex="(?:.*[/\\])(.*)"
							/>
						</else>
					</if>
				</else>
			</if>

			<set-build-xml-var
				build.xml.var.name="theme.parent"
				module.dir="@{module.dir}"
			/>

			<if>
				<isset property="set-build-xml-var.return" />
				<then>
					<var name="theme.parent" value="${set-build-xml-var.return}" />
				</then>
				<else>
					<var name="theme.parent" unset="true" />
				</else>
			</if>

			<set-build-xml-var
				build.xml.var.name="theme.type"
				module.dir="@{module.dir}"
			/>

			<if>
				<isset property="set-build-xml-var.return" />
				<then>
					<var name="theme.type" value="${set-build-xml-var.return}" />
				</then>
				<else>
					<var name="theme.type" unset="true" />
				</else>
			</if>

			<if>
				<and>
					<or>
						<antelope:endswith string="${plugin.name}" with="-ext" />
						<antelope:endswith string="${plugin.name}" with="-hook" />
						<antelope:endswith string="${plugin.name}" with="-layouttpl" />
						<antelope:endswith string="${plugin.name}" with="-portlet" />
						<antelope:endswith string="${plugin.name}" with="-theme" />
						<antelope:endswith string="${plugin.name}" with="-web" />
					</or>
					<not>
						<resourcecontains
							resource="${module.dir.unix}/build.xml"
							substring="/build-common-osgi-plugin.xml&quot;"
						/>
					</not>
				</and>
				<then>
					<var name="plugin.packaging" value="war" />
				</then>
				<else>
					<var name="plugin.packaging" value="jar" />
				</else>
			</if>

			<var name="plugin.file" value="${sdk.dir}/dist/${plugin.name}-${plugin.full.version}.${plugin.packaging}" />
			<var name="plugin.javadoc.file" value="${sdk.dir}/dist/${plugin.name}-${plugin.full.version}-javadoc.zip" />
			<var name="plugin.pom.file" value="${sdk.dir}/dist/${plugin.name}-${plugin.full.version}.pom" />
			<var name="plugin.sources.file" value="${sdk.dir}/dist/${plugin.name}-${plugin.full.version}-sources.${plugin.packaging}" />
			<var name="plugin.src.file" value="${sdk.dir}/dist/${plugin.name}-src-${plugin.full.version}.zip" />
			<var name="plugin.wsdd.file" value="${sdk.dir}/dist/${plugin.name}-wsdd-${plugin.full.version}.jar" />

			<if>
				<available file="@{module.dir}/src" />
				<then>
					<var name="plugin.classes.dir" value="@{module.dir}/classes" />
					<var name="plugin.lib.dir" value="@{module.dir}/lib" />
					<var name="plugin.source.dir" value="@{module.dir}/src" />

					<if>
						<available file="@{module.dir}/lib" />
						<then>
							<path id="plugin-lib.classpath">
								<fileset dir="@{module.dir}/lib" includes="*.jar" />
								<pathelement location="@{module.dir}/classes" />
							</path>
						</then>
						<else>
							<path id="plugin-lib.classpath">
								<pathelement location="@{module.dir}/classes" />
							</path>
						</else>
					</if>
				</then>
				<else>
					<var name="plugin.classes.dir" value="@{module.dir}/docroot/WEB-INF/classes" />
					<var name="plugin.lib.dir" value="@{module.dir}/docroot/WEB-INF/lib" />
					<var name="plugin.source.dir" value="@{module.dir}/docroot/WEB-INF/src" />

					<if>
						<available file="@{module.dir}/tmp" />
						<then>
							<path id="plugin-lib.classpath">
								<fileset dir="@{module.dir}/docroot/WEB-INF/lib" erroronmissingdir="false" includes="*.jar" />
								<fileset dir="@{module.dir}/tmp/WEB-INF/lib" erroronmissingdir="false" includes="*.jar" />
								<pathelement location="@{module.dir}/docroot/WEB-INF/classes" />
								<pathelement location="@{module.dir}/tmp/WEB-INF/classes" />
							</path>
						</then>
						<else>
							<path id="plugin-lib.classpath">
								<fileset dir="@{module.dir}/docroot/WEB-INF/lib" erroronmissingdir="false" includes="*.jar" />
								<pathelement location="@{module.dir}/docroot/WEB-INF/classes" />
							</path>
						</else>
					</if>
				</else>
			</if>

			<if>
				<resourcecontains
					resource="${module.dir.unix}/build.xml"
					substring="/build-common-osgi-plugin.xml&quot;"
				/>
				<then>
					<property name="plugin-lib.classpath.path" refid="plugin-lib.classpath" />

					<set-build-xml-var
						build.xml.var.name="ignore.osgi.portal.classpath"
						module.dir="@{module.dir}"
					/>

					<path id="plugin-lib.classpath">
						<fileset dir="@{module.dir}/lib" erroronmissingdir="false" includes="*.jar" />
						<pathelement path="${plugin-lib.classpath.path}" />
						<path refid="portal.classpath" />
					</path>

					<var name="plugin-lib.classpath.path" unset="true" />
				</then>
			</if>

			<set-build-xml-var
				build.xml.var.name="plugin-lib.additional.dir"
				module.dir="@{module.dir}"
			/>

			<if>
				<isset property="set-build-xml-var.return" />
				<then>
					<property name="plugin-lib.classpath.path" refid="plugin-lib.classpath" />

					<path id="plugin-lib.classpath">
						<fileset dir="@{module.dir}/${set-build-xml-var.return}" includes="*.jar" />
						<pathelement path="${plugin-lib.classpath.path}" />
					</path>

					<var name="plugin-lib.classpath.path" unset="true" />
				</then>
			</if>

			<set-build-xml-var
				build.xml.var.name="ivy.resolve.transitive.dependencies"
				module.dir="@{module.dir}"
			/>

			<if>
				<isset property="set-build-xml-var.return" />
				<then>
					<var name="plugin.ivy.resolve.transitive.dependencies" value="${set-build-xml-var.return}" />
				</then>
				<else>
					<var name="plugin.ivy.resolve.transitive.dependencies" value="${ivy.resolve.transitive.dependencies}" />
				</else>
			</if>

			<if>
				<not>
					<available file="@{module.dir}/build.gradle" />
				</not>
				<then>
					<touch file="@{module.dir}/build.gradle" />
				</then>
			</if>
		</sequential>
	</macrodef>

	<macrodef name="process-ivy">
		<attribute default="${basedir}" name="module.dir" />

		<sequential>
			<for list="@{module.dir},${sdk.dir},${sdk.dependencies.path}" param="ivy.xml.dir">
				<sequential>
					<if>
						<available file="@{ivy.xml.dir}/ivy.xml" />
						<then>
							<checksum file="@{ivy.xml.dir}/ivy.xml" verifyproperty="ivy.xml.unmodified" />

							<if>
								<isfalse value="${ivy.xml.unmodified}" />
								<then>
									<var name="plugin.ivy.resolve.transitive.dependencies" unset="true" />

									<if>
										<and>
											<available file="@{ivy.xml.dir}/bnd.bnd" />
											<available file="@{ivy.xml.dir}/build.xml" />
										</and>
										<then>
											<set-module-properties
												module.dir="@{ivy.xml.dir}"
											/>
										</then>
										<else>
											<var name="plugin.ivy.resolve.transitive.dependencies" value="${ivy.resolve.transitive.dependencies}" />
										</else>
									</if>

									<ivy:settings file="${ivy.custom.settings.file}" />

									<if>
										<antelope:endswith string="@{module.dir}" with="solr4-shared" />
										<then>
											<var name="ivy.checksums" value="" />
										</then>
									</if>

									<ivy:resolve
										conf="default,internal"
										file="@{ivy.xml.dir}/ivy.xml"
										log="download-only"
										transitive="${plugin.ivy.resolve.transitive.dependencies}"
									/>

									<var name="ivy.checksums" unset="true" />

									<if>
										<not>
											<available file="@{ivy.xml.dir}/docroot" />
										</not>
										<then>
											<ivy:retrieve
												overwriteMode="always"
												pattern="@{ivy.xml.dir}/lib/[artifact].[ext]"
												type="bundle,eclipse-plugin,jar,maven-plugin,orbit"
											/>

											<ivy:retrieve
												overwriteMode="always"
												pattern="@{ivy.xml.dir}/lib/[artifact]-[type]s.[ext]"
												type="source"
											/>
										</then>
										<else>
											<ivy:retrieve
												overwriteMode="always"
												pattern="@{ivy.xml.dir}/docroot/WEB-INF/lib/[artifact].[ext]"
												type="bundle,eclipse-plugin,jar,maven-plugin,orbit"
											/>

											<ivy:retrieve
												overwriteMode="always"
												pattern="@{ivy.xml.dir}/docroot/WEB-INF/lib/[artifact]-[type]s.[ext]"
												type="source"
											/>
										</else>
									</if>

									<checksum file="@{ivy.xml.dir}/ivy.xml" forceoverwrite="true" />
								</then>
							</if>

							<var name="ivy.xml.unmodified" unset="true" />
						</then>
					</if>
				</sequential>
			</for>
		</sequential>
	</macrodef>

	<process-ivy />

	<target name="publish">
		<ivy:settings file="${sdk.dir}/ivy-settings-publisher.xml" />

		<ivy:resolve
			conf="default,provided"
			log="download-only"
			transitive="${ivy.resolve.transitive.dependencies}"
		/>

		<property name="ivy.pom.description" value="${plugin.name}" />
		<property name="ivy.pom.name" value="${plugin.name}" />

		<property name="plugin.release.qualifier" value="" />

		<property name="ivy.pom.version" value="${plugin.full.version}${plugin.release.qualifier}" />

		<ivy:makepom
			description="${ivy.pom.description}"
			ivyfile="ivy.xml"
			pomfile="${plugin.pom.file}"
			templatefile="${sdk.dir}/tools/templates/pom_tmpl/template.pom"
		>
			<mapping conf="default" scope="compile" />
			<mapping conf="provided" scope="provided" />
		</ivy:makepom>

		<ivy:publish
			forcedeliver="true"
			overwrite="true"
			publishivy="false"
			pubrevision="${ivy.pom.version}"
			resolver="${ivy.publish.resolver}"
		>
			<artifacts pattern="${sdk.dir}/dist/${plugin.name}-${plugin.full.version}(-[classifier]).[ext]" />
		</ivy:publish>
	</target>
</project>